<?xml version="1.0" encoding="UTF-8"?>
<!DOCTYPE fontscolors PUBLIC "-//NetBeans//DTD Editor Fonts and Colors settings 1.1//EN" "http://www.netbeans.org/dtds/EditorFontsColors-1_1.dtd">
<fontscolors>
    <fontcolor name="error" waveUnderlined="red"/>
    <fontcolor foreColor="lightGray" name="char"/>
    <fontcolor foreColor="ff32b3ff" name="keyword"/>
    <fontcolor foreColor="black" name="whitespace"/>
    <fontcolor foreColor="white" name="number"/>
    <fontcolor bgColor="pink" default="keyword" foreColor="magenta" name="markup-element"/>
    <fontcolor name="operator"/>
    <fontcolor name="url" underline="blue"/>
    <fontcolor default="identifier" foreColor="ff84bfe2" name="field"/>
    <fontcolor bgColor="ff272822" foreColor="white" name="default">
        <font name="Courier New" size="13" style="plain"/>
    </fontcolor>
    <fontcolor foreColor="lightGray" name="string"/>
    <fontcolor bgColor="pink" default="string" foreColor="magenta" name="markup-attribute-value"/>
    <fontcolor bgColor="pink" default="default" foreColor="magenta" name="entity-reference">
        <font style="bold"/>
    </fontcolor>
    <fontcolor default="identifier" foreColor="ffff8c8c" name="method"/>
    <fontcolor foreColor="ff666666" name="comment"/>
    <fontcolor foreColor="ffcae682" name="identifier"/>
    <fontcolor name="warning" waveUnderlined="ffffff75"/>
    <fontcolor name="separator"/>
    <fontcolor bgColor="pink" default="field" foreColor="magenta" name="markup-attribute"/>
</fontscolors>
