<?xml version="1.0" encoding="UTF-8"?>
<!DOCTYPE fontscolors PUBLIC "-//NetBeans//DTD Editor Fonts and Colors settings 1.1//EN" "http://www.netbeans.org/dtds/EditorFontsColors-1_1.dtd">
<fontscolors>
    <fontcolor default="identifier" name="shell"/>
    <fontcolor default="field" name="macro">
        <font style="bold"/>
    </fontcolor>
    <fontcolor default="keyword" name="keyword"/>
    <fontcolor default="operator" name="special_target">
        <font style="bold"/>
    </fontcolor>
    <fontcolor default="whitespace" name="whitespace"/>
    <fontcolor default="whitespace" name="tab"/>
    <fontcolor default="comment" name="comment"/>
    <fontcolor default="identifier" name="bare"/>
    <fontcolor default="operator" name="separator"/>
</fontscolors>
