<?xml version="1.0" encoding="UTF-8"?>
<!DOCTYPE fontscolors PUBLIC "-//NetBeans//DTD Editor Fonts and Colors settings 1.1//EN" "http://www.netbeans.org/dtds/EditorFontsColors-1_1.dtd">
<fontscolors>
    <fontcolor bgColor="white" foreColor="white" name="caret-color-insert-mode"/>
    <fontcolor foreColor="ff666666" name="code-folding"/>
    <fontcolor bgColor="pink" name="block-search"/>
    <fontcolor foreColor="gray" name="text-limit-line-color"/>
    <fontcolor name="readonly-files"/>
    <fontcolor bgColor="ff400080" name="nbeditor-bracesMatching-match-multichar"/>
    <fontcolor bgColor="black" foreColor="ff857b6f" name="line-number"/>
    <fontcolor foreColor="blue" name="hyperlinks" underline="blue"/>
    <fontcolor name="highlight-caret-row"/>
    <fontcolor foreColor="red" name="status-bar-bold"/>
    <fontcolor bgColor="white" foreColor="white" name="caret-color-overwrite-mode"/>
    <fontcolor bgColor="ff333333" name="selection"/>
    <fontcolor name="status-bar"/>
    <fontcolor bgColor="ffffcd26" foreColor="darkGray" name="inc-search"/>
    <fontcolor foreColor="ffcc0099" name="synchronized-text-blocks-ext"/>
    <fontcolor foreColor="ff666666" name="code-folding-bar"/>
    <fontcolor bgColor="ffff8126" foreColor="darkGray" name="highlight-search"/>
    <fontcolor foreColor="ff996600" name="synchronized-text-blocks-ext-slave"/>
    <fontcolor foreColor="red" name="nbeditor-bracesMatching-mismatch-multichar"/>
    <fontcolor bgColor="ff400080" name="nbeditor-bracesMatching-match"/>
    <fontcolor bgColor="ff2f2f2f" name="guarded"/>
    <fontcolor foreColor="red" name="nbeditor-bracesMatching-mismatch"/>
</fontscolors>
