<?xml version="1.0" encoding="UTF-8"?>
<!DOCTYPE fontscolors PUBLIC "-//NetBeans//DTD Editor Fonts and Colors settings 1.1//EN" "http://www.netbeans.org/dtds/EditorFontsColors-1_1.dtd">
<fontscolors>
    <fontcolor name="error" waveUnderlined="red"/>
    <fontcolor bgColor="ff363636" foreColor="ffff8080" name="char"/>
    <fontcolor foreColor="ff8ac6f2" name="keyword"/>
    <fontcolor name="whitespace"/>
    <fontcolor foreColor="ffff80ff" name="number"/>
    <fontcolor default="keyword" name="markup-element"/>
    <fontcolor name="operator"/>
    <fontcolor name="url" underline="cyan"/>
    <fontcolor default="identifier" name="field"/>
    <fontcolor bgColor="ff242424" foreColor="fff6f3e8" name="default">
        <font name="Consolas" size="13" style="plain"/>
    </fontcolor>
    <fontcolor bgColor="ff363636" foreColor="ffff8080" name="string"/>
    <fontcolor default="default" name="entity-reference">
        <font style="bold"/>
    </fontcolor>
    <fontcolor default="string" name="markup-attribute-value"/>
    <fontcolor default="identifier" name="method">
        <font style="bold"/>
    </fontcolor>
    <fontcolor foreColor="ff99968b" name="comment"/>
    <fontcolor name="identifier"/>
    <fontcolor name="separator"/>
    <fontcolor name="warning" waveUnderlined="yellow"/>
    <fontcolor default="field" foreColor="pink" name="markup-attribute"/>
</fontscolors>
