<?xml version="1.0" encoding="UTF-8"?>
<!DOCTYPE fontscolors PUBLIC "-//NetBeans//DTD Editor Fonts and Colors settings 1.1//EN" "http://www.netbeans.org/dtds/EditorFontsColors-1_1.dtd">
<fontscolors>
    <fontcolor name="mod-class" waveUnderlined="red"/>
    <fontcolor default="markup-attribute" foreColor="green" name="argument"/>
    <fontcolor default="markup-attribute" name="mod-constructor">
        <font style="bold"/>
    </fontcolor>
    <fontcolor default="default" foreColor="black" name="el-content"/>
    <fontcolor name="mod-method">
        <font style="bold"/>
    </fontcolor>
    <fontcolor default="default" foreColor="ff628fb5" name="xml-pi"/>
    <fontcolor bgColor="ffe3f2e1" default="default" name="css-embedded"/>
    <fontcolor default="default" foreColor="black" name="el-delimiter">
        <font style="bold"/>
    </fontcolor>
    <fontcolor bgColor="ffe3f2e1" default="default" name="javascript-embedded"/>
    <fontcolor default="markup-attribute-value" foreColor="ffcc6600" name="value"/>
</fontscolors>
