<?xml version="1.0" encoding="UTF-8"?>
<!DOCTYPE fontscolors PUBLIC "-//NetBeans//DTD Editor Fonts and Colors settings 1.1//EN" "http://www.netbeans.org/dtds/EditorFontsColors-1_1.dtd">
<fontscolors>
    <fontcolor default="string" name="uris"/>
    <fontcolor bgColor="white" foreColor="ffff00fb" name="mod-method">
        <font style="bold"/>
    </fontcolor>
    <fontcolor default="separator" name="braces"/>
    <fontcolor default="identifier" name="identifiers"/>
    <fontcolor default="string" name="strings"/>
    <fontcolor name="mark-occurrences" underline="ffff3bfc"/>
    <fontcolor default="separator" foreColor="magenta" name="brace"/>
    <fontcolor default="number" name="numbers"/>
    <fontcolor default="operator" name="operators"/>
    <fontcolor name="mod-constructor">
        <font style="bold"/>
    </fontcolor>
    <fontcolor default="number" name="hashes"/>
    <fontcolor default="default" foreColor="ff0300ff" name="others"/>
    <fontcolor default="keyword" name="keywords"/>
    <fontcolor default="number" name="hash"/>
    <fontcolor default="keyword" foreColor="ff009999" name="keyword"/>
    <fontcolor default="default" name="whitespace"/>
    <fontcolor default="number" foreColor="ff0300ff" name="number"/>
    <fontcolor default="separator" name="separators"/>
    <fontcolor default="error" name="unknown"/>
    <fontcolor default="default" name="whitespaces"/>
    <fontcolor default="string" foreColor="ff009999" name="url"/>
    <fontcolor default="operator" name="operator"/>
    <fontcolor name="mod-class">
        <font style="italic"/>
    </fontcolor>
    <fontcolor default="string" foreColor="ff009899" name="string"/>
    <fontcolor foreColor="ff260099" name="mod-custom1"/>
    <fontcolor foreColor="blue" name="mod-custom2">
        <font style="italic"/>
    </fontcolor>
    <fontcolor default="comment" foreColor="ff999999" name="comment"/>
    <fontcolor default="identifier" foreColor="ff000099" name="identifier"/>
    <fontcolor default="separator" foreColor="ffff00fb" name="separator"/>
    <fontcolor default="comment" name="comments"/>
</fontscolors>
