<?xml version="1.0" encoding="UTF-8"?>
<!DOCTYPE fontscolors PUBLIC "-//NetBeans//DTD Editor Fonts and Colors settings 1.1//EN" "http://www.netbeans.org/dtds/EditorFontsColors-1_1.dtd">
<fontscolors>
    <fontcolor bgColor="ffe0e0e0" name="index">
        <font style="bold"/>
    </fontcolor>
    <fontcolor foreColor="blue" name="added"/>
    <fontcolor default="error" name="error"/>
    <fontcolor bgColor="ffe0e0e0" name="filename">
        <font style="bold+italic"/>
    </fontcolor>
    <fontcolor foreColor="red" name="removed"/>
    <fontcolor name="plain"/>
    <fontcolor bgColor="ffe0e0e0" name="header">
        <font style="bold"/>
    </fontcolor>
</fontscolors>
