<?xml version="1.0" encoding="UTF-8"?>
<!DOCTYPE fontscolors PUBLIC "-//NetBeans//DTD Editor Fonts and Colors settings 1.1//EN" "http://www.netbeans.org/dtds/EditorFontsColors-1_1.dtd">
<fontscolors>
    <fontcolor name="error" waveUnderlined="red"/>
    <fontcolor bgColor="white" foreColor="ffcc0000" name="char"/>
    <fontcolor bgColor="white" foreColor="ff0000e6" name="keyword"/>
    <fontcolor bgColor="white" foreColor="black" name="whitespace"/>
    <fontcolor bgColor="white" foreColor="ffcc0000" name="number"/>
    <fontcolor bgColor="white" default="keyword" foreColor="ff020099" name="markup-element"/>
    <fontcolor bgColor="white" foreColor="blue" name="operator"/>
    <fontcolor bgColor="white" name="url" underline="blue"/>
    <fontcolor bgColor="white" default="identifier" foreColor="ff009900" name="field"/>
    <fontcolor bgColor="white" name="default">
        <font name="Courier" size="12"/>
    </fontcolor>
    <fontcolor bgColor="white" foreColor="blue" name="string"/>
    <fontcolor bgColor="white" default="string" name="markup-attribute-value"/>
    <fontcolor bgColor="white" default="default" foreColor="black" name="entity-reference">
        <font style="bold"/>
    </fontcolor>
    <fontcolor bgColor="white" default="identifier" name="method"/>
    <fontcolor bgColor="white" foreColor="gray" name="comment"/>
    <fontcolor bgColor="white" name="identifier"/>
    <fontcolor name="warning" waveUnderlined="yellow"/>
    <fontcolor bgColor="white" foreColor="ff000099" name="separator">
        <font style="bold"/>
    </fontcolor>
    <fontcolor bgColor="white" default="field" name="markup-attribute"/>
</fontscolors>
