<?xml version="1.0" encoding="UTF-8"?>
<!DOCTYPE fontscolors PUBLIC "-//NetBeans//DTD Editor Fonts and Colors settings 1.1//EN" "http://www.netbeans.org/dtds/EditorFontsColors-1_1.dtd">
<fontscolors>
    <fontcolor name="code-folding"/>
    <fontcolor foreColor="black" name="caret-color-insert-mode"/>
    <fontcolor foreColor="black" name="block-search"/>
    <fontcolor foreColor="ffedecec" name="text-limit-line-color"/>
    <fontcolor name="readonly-files"/>
    <fontcolor name="nbeditor-bracesMatching-match-multichar"/>
    <fontcolor name="line-number"/>
    <fontcolor name="hyperlinks" underline="blue"/>
    <fontcolor name="highlight-caret-row"/>
    <fontcolor name="status-bar-bold"/>
    <fontcolor foreColor="black" name="caret-color-overwrite-mode"/>
    <fontcolor bgColor="ff3397ff" foreColor="white" name="selection"/>
    <fontcolor name="status-bar"/>
    <fontcolor name="inc-search"/>
    <fontcolor name="synchronized-text-blocks-ext"/>
    <fontcolor name="code-folding-bar"/>
    <fontcolor name="highlight-search"/>
    <fontcolor name="nbeditor-bracesMatching-mismatch-multichar"/>
    <fontcolor name="synchronized-text-blocks-ext-slave"/>
    <fontcolor name="guarded"/>
    <fontcolor name="nbeditor-bracesMatching-match"/>
    <fontcolor name="nbeditor-bracesMatching-mismatch"/>
</fontscolors>
