<?xml version="1.0" encoding="UTF-8"?>
<!DOCTYPE fontscolors PUBLIC "-//NetBeans//DTD Editor Fonts and Colors settings 1.1//EN" "http://www.netbeans.org/dtds/EditorFontsColors-1_1.dtd">
<fontscolors>
    <fontcolor foreColor="ff66cc00" name="field">
        <font style="bold"/>
    </fontcolor>
    <fontcolor bgColor="white" foreColor="black" name="default">
        <font name="Source Code Pro" size="14"/>
    </fontcolor>
    <fontcolor foreColor="lightGray" name="code-folding-bar"/>
    <fontcolor name="error" waveUnderlined="red"/>
    <fontcolor name="separator"/>
    <fontcolor name="warning" waveUnderlined="yellow"/>
    <fontcolor name="url" underline="blue"/>
</fontscolors>
