<?xml version="1.0" encoding="UTF-8"?>
<!DOCTYPE fontscolors PUBLIC "-//NetBeans//DTD Editor Fonts and Colors settings 1.1//EN" "http://www.netbeans.org/dtds/EditorFontsColors-1_1.dtd">
<fontscolors>
    <fontcolor foreColor="ff0063ff" name="PHP_VARIABLE"/>
    <fontcolor foreColor="black" name="mod-method">
        <font style="bold"/>
    </fontcolor>
    <fontcolor default="uncovered" name="uncovered"/>
    <fontcolor name="mod-private"/>
    <fontcolor name="mod-protected"/>
    <fontcolor default="identifier" name="PHP_STRING"/>
    <fontcolor name="mod-deprecated" strikeThrough="darkGray"/>
    <fontcolor name="mark-occurrences" underline="ff006601"/>
    <fontcolor name="mod-abstract"/>
    <fontcolor default="field" foreColor="black" name="mod-field"/>
    <fontcolor foreColor="black" name="heredocdelimiter"/>
    <fontcolor foreColor="ffcc0000" name="phpopenclose">
        <font style="bold"/>
    </fontcolor>
    <fontcolor default="covered" name="covered"/>
    <fontcolor bgColor="white" name="PHP_CONTENT"/>
    <fontcolor name="mod-public"/>
    <fontcolor name="mod-constructor">
        <font style="bold"/>
    </fontcolor>
    <fontcolor foreColor="ff0063ff" name="mod-local-variable"/>
    <fontcolor default="constant" name="constant">
        <font style="italic"/>
    </fontcolor>
    <fontcolor foreColor="ffa06001" name="mod-parameter"/>
    <fontcolor default="keyword" foreColor="ff006601" name="keyword">
        <font style="bold"/>
    </fontcolor>
    <fontcolor default="number" foreColor="magenta" name="number"/>
    <fontcolor name="mod-static">
        <font style="italic"/>
    </fontcolor>
    <fontcolor default="partial" name="partial"/>
    <fontcolor default="inferred" name="inferred"/>
    <fontcolor default="operator" foreColor="black" name="operator"/>
    <fontcolor foreColor="black" name="T_INLINE_HTML"/>
    <fontcolor foreColor="black" name="mod-class">
        <font style="bold"/>
    </fontcolor>
    <fontcolor name="mod-unused" waveUnderlined="ff999999"/>
    <fontcolor default="comment" foreColor="ff9999ff" name="htmltag">
        <font style="bold"/>
    </fontcolor>
    <fontcolor default="string" foreColor="ffcc0000" name="string"/>
    <fontcolor name="mod-custom1">
        <font style="bold"/>
    </fontcolor>
    <fontcolor default="comment" name="phpdockeyword">
        <font style="bold"/>
    </fontcolor>
    <fontcolor default="comment" foreColor="ffff9900" name="comment"/>
    <fontcolor default="identifier" foreColor="black" name="identifier"/>
    <fontcolor default="separator" name="separator">
        <font style="plain"/>
    </fontcolor>
</fontscolors>
